{"cameraMode":{"drawMode":0,"name":"Shaded","section":"Shading Mode"},"sceneLighting":false,"audioPlay":false,"sceneViewState":{"showFog":true,"showMaterialUpdate":false,"showSkybox":true,"showFlares":true,"showImageEffects":true,"showParticleSystems":true},"in2DMode":false,"pivot":{"x":-0.15600000321865083,"y":1.0499999523162842,"z":-0.24400000274181367},"rotation":{"x":0.2954510450363159,"y":0.6734123826026917,"z":-0.33911195397377016,"w":0.5867091417312622},"size":0.285788357257843,"orthographic":false}