{"cameraMode":{"drawMode":0,"name":"Shaded","section":"Shading Mode"},"sceneLighting":false,"audioPlay":false,"sceneViewState":{"showFog":true,"showMaterialUpdate":false,"showSkybox":true,"showFlares":true,"showImageEffects":true,"showParticleSystems":true},"in2DMode":false,"pivot":{"x":-0.041535139083862308,"y":0.802452564239502,"z":0.4380326271057129},"rotation":{"x":0.24783100187778474,"y":-0.021219277754426004,"z":0.00543008791282773,"w":0.9685556888580322},"size":1.5858924388885499,"orthographic":false}