{"cameraMode":{"drawMode":0,"name":"Shaded","section":"Shading Mode"},"sceneLighting":false,"audioPlay":false,"sceneViewState":{"showFog":true,"showMaterialUpdate":false,"showSkybox":true,"showFlares":true,"showImageEffects":true,"showParticleSystems":true},"in2DMode":false,"pivot":{"x":-0.5441554188728333,"y":0.006084874272346497,"z":0.7128607630729675},"rotation":{"x":0.20581741631031037,"y":0.7281643748283386,"z":-0.24770618975162507,"w":0.6050269603729248},"size":0.46212735772132876,"orthographic":false}