{"cameraMode":{"drawMode":0,"name":"Shaded","section":"Shading Mode"},"sceneLighting":false,"audioPlay":false,"sceneViewState":{"showFog":true,"showMaterialUpdate":false,"showSkybox":true,"showFlares":true,"showImageEffects":true,"showParticleSystems":true},"in2DMode":false,"pivot":{"x":-0.5441554188728333,"y":0.006084874272346497,"z":0.7128607630729675},"rotation":{"x":-0.042429376393556598,"y":0.394169420003891,"z":0.018205204978585244,"w":0.9178773760795593},"size":0.11240290850400925,"orthographic":true}