{"cameraMode":{"drawMode":0,"name":"Shaded","section":"Shading Mode"},"sceneLighting":false,"audioPlay":false,"sceneViewState":{"showFog":true,"showMaterialUpdate":false,"showSkybox":true,"showFlares":true,"showImageEffects":true,"showParticleSystems":true},"in2DMode":false,"pivot":{"x":0.17260217666625977,"y":0.14355841279029847,"z":-0.12963362038135529},"rotation":{"x":-0.08954969793558121,"y":-0.6126641631126404,"z":0.07014793157577515,"w":-0.7821143269538879},"size":0.6823986768722534,"orthographic":false}