{"cameraMode":{"drawMode":0,"name":"Shaded","section":"Shading Mode"},"sceneLighting":false,"audioPlay":false,"sceneViewState":{"showFog":true,"showMaterialUpdate":false,"showSkybox":true,"showFlares":true,"showImageEffects":true,"showParticleSystems":true},"in2DMode":false,"pivot":{"x":0.5622789859771729,"y":0.8183865547180176,"z":-1.0532323122024537},"rotation":{"x":0.19719085097312928,"y":0.5508649349212647,"z":-0.13586561381816865,"w":0.799502432346344},"size":4.610260009765625,"orthographic":false}